{"cameraMode":{"drawMode":0,"name":"Shaded","section":"Shading Mode"},"sceneLighting":true,"audioPlay":false,"sceneViewState":{"m_AlwaysRefresh":false,"showFog":true,"showSkybox":true,"showFlares":true,"showImageEffects":true,"showParticleSystems":true,"showVisualEffectGraphs":true,"m_FxEnabled":true},"in2DMode":false,"pivot":{"x":0.09999999403953552,"y":0.7699999809265137,"z":-0.4099999666213989},"rotation":{"x":0.03878740221261978,"y":0.9607731103897095,"z":-0.18078114092350007,"w":0.20788578689098359},"size":1.1249219179153443,"orthographic":true}