{"cameraMode":{"drawMode":0,"name":"Shaded","section":"Shading Mode"},"sceneLighting":true,"audioPlay":false,"sceneViewState":{"m_AlwaysRefresh":false,"showFog":true,"showSkybox":true,"showFlares":true,"showImageEffects":true,"showParticleSystems":true,"showVisualEffectGraphs":true,"m_FxEnabled":true},"in2DMode":false,"pivot":{"x":1.6365227699279786,"y":1.1324111223220826,"z":-3.772562026977539},"rotation":{"x":-0.44690385460853579,"y":-0.10978498309850693,"z":0.055384330451488498,"w":-0.8861274123191834},"size":4.463852882385254,"orthographic":false}